STATEFP,COUNTYFP,NAME,GEOID
21,7,Ballard,37140
21,17,Bourbon,30460
21,31,Butler,14540
21,65,Estill,40080
21,93,Hardin,21060
21,151,Madison,40080
21,179,Nelson,12680
17,91,Kankakee,28100
17,197,Will,16980
18,27,Daviess,47780
18,61,Harrison,31140
1,1,Autauga,33860
1,5,Barbour,21640
1,51,Elmore,33860
1,55,Etowah,23460
1,65,Hale,46220
1,89,Madison,26620
1,113,Russell,17980
1,117,Shelby,13820
5,19,Clark,11660
5,25,Cleveland,38220
5,63,Independence,12900
6,1,Alameda,41860
6,13,Contra Costa,41860
6,19,Fresno,23420
6,23,Humboldt,21700
6,33,Lake,17340
6,37,Los Angeles,31080
6,47,Merced,32900
6,57,Nevada,46020
6,81,San Mateo,41860
6,85,Santa Clara,41940
6,115,Yuba,49700
8,13,Boulder,14500
8,77,Mesa,24300
8,91,Ouray,33940
9,9,New Haven,35300
11,1,District of Columbia,47900
12,9,Brevard,37340
12,23,Columbia,29380
12,39,Gadsden,45220
12,55,Highlands,42700
12,65,Jefferson,45220
12,73,Leon,45220
12,95,Orange,36740
12,107,Putnam,37260
12,127,Volusia,19660
12,131,Walton,18880
13,9,Baldwin,33300
13,27,Brooks,46660
13,103,Effingham,42340
13,121,Fulton,12060
13,141,Hancock,33300
13,149,Heard,12060
13,179,Liberty,25980
13,183,Long,25980
13,189,McDuffie,12260
13,209,Montgomery,47080
13,229,Pierce,48180
13,305,Wayne,27700
16,15,Boise,14260
16,23,Butte,26820
16,25,Camas,25200
16,27,Canyon,14260
16,39,Elmore,34300
16,43,Fremont,39940
48,11,Armstrong,11100
48,25,Bee,13300
48,55,Caldwell,12420
29,189,St. Louis,41180
30,29,Flathead,28060
53,65,Stevens,44060
21,217,Taylor,15820
21,239,Woodford,30460
22,1,Acadia,29180
22,11,Beauregard,19760
22,29,Concordia,35020
22,31,De Soto,43340
22,33,East Baton Rouge,12940
22,47,Iberville,12940
22,71,Orleans,35380
22,99,St. Martin,29180
22,119,Webster,33380
24,3,Anne Arundel,12580
18,103,Miami,37940
18,129,Posey,21780
19,45,Clinton,17540
19,111,Lee,22800
31,167,Stanton,35740
34,3,Bergen,35620
34,7,Camden,37980
34,13,Essex,35620
34,23,Middlesex,35620
34,41,Warren,10900
36,13,Chautauqua,27460
36,29,Erie,15380
36,43,Herkimer,46540
36,45,Jefferson,48060
36,47,Kings,35620
36,53,Madison,45060
36,65,Oneida,46540
36,77,Otsego,36580
36,81,Queens,35620
36,91,Saratoga,10580
36,115,Washington,24020
37,7,Anson,16740
37,27,Caldwell,25860
37,49,Craven,35100
37,55,Dare,28620
37,59,Davie,49180
37,69,Franklin,39580
37,83,Halifax,40260
37,93,Hoke,22180
37,99,Jackson,19000
37,111,McDowell,32000
37,127,Nash,40580
37,165,Scotland,29900
37,175,Transylvania,14820
38,17,Cass,22020
39,35,Cuyahoga,17460
39,39,Defiance,19580
39,43,Erie,41780
40,65,Jackson,11060
48,141,El Paso,21340
48,167,Galveston,26420
48,199,Hardin,13140
48,213,Henderson,11980
48,229,Hudspeth,21340
48,245,Jefferson,13140
48,261,Kenedy,28780
48,317,Martin,33260
48,347,Nacogdoches,34860
48,361,Orange,13140
48,395,Robertson,17780
48,423,Smith,46340
48,427,Starr,40100
48,471,Walker,26660
48,477,Washington,14780
49,3,Box Elder,36260
49,11,Davis,36260
40,145,Wagoner,46140
41,5,Clackamas,38900
41,33,Josephine,24420
41,35,Klamath,28900
41,39,Lane,21660
41,43,Linn,10540
41,51,Multnomah,38900
41,61,Union,29260
42,5,Armstrong,38300
42,29,Chester,37980
42,35,Clinton,30820
42,91,Montgomery,37980
42,111,Somerset,43740
45,19,Charleston,16700
45,43,Georgetown,23860
45,63,Lexington,17900
45,77,Pickens,24860
45,91,York,16740
46,73,Jerauld,26700
46,93,Meade,39660
47,1,Anderson,28940
47,3,Bedford,43180
47,19,Carter,27740
47,29,Cocke,35460
47,63,Hamblen,34100
47,73,Hawkins,28700
47,149,Rutherford,34980
47,173,Union,28940
25,1,Barnstable,12700
25,13,Hampden,44140
25,25,Suffolk,14460
26,33,Chippewa,42300
26,115,Monroe,33780
13,283,Treutlen,20140
13,289,Twiggs,31420
13,313,Whitfield,19140
16,73,Owyhee,14260
16,83,Twin Falls,46300
17,27,Clinton,41180
17,31,Cook,16980
49,29,Morgan,36260
49,35,Salt Lake,41620
49,43,Summit,25720
49,49,Utah,39340
51,15,Augusta,44420
51,53,Dinwiddie,40060
51,69,Frederick,49020
51,73,Gloucester,47260
51,85,Hanover,40060
51,125,Nelson,16820
51,145,Powhatan,40060
51,149,Prince George,40060
51,161,Roanoke,40220
51,177,Spotsylvania,47900
51,185,Tazewell,14140
51,199,York,47260
53,5,Benton,28420
53,7,Chelan,48300
53,9,Clallam,38820
53,15,Cowlitz,31020
53,25,Grant,34180
53,37,Kittitas,21260
5,93,Mississippi,14180
5,99,Nevada,26260
5,103,Ouachita,15780
6,45,Mendocino,46380
24,33,Prince George's,47900
24,43,Washington,25180
25,7,Dukes,47240
25,17,Middlesex,14460
26,41,Delta,21540
26,99,Macomb,19820
26,103,Marquette,32100
26,147,St. Clair,19820
26,163,Wayne,19820
27,53,Hennepin,33460
27,91,Martin,21860
27,139,Scott,33460
27,163,Washington,33460
28,33,DeSoto,32820
28,75,Lauderdale,32940
28,143,Tunica,32820
28,163,Yazoo,27140
29,23,Butler,38740
29,31,Cape Girardeau,16020
17,129,Menard,44100
17,161,Rock Island,19340
17,175,Stark,37900
18,35,Delaware,34620
18,67,Howard,29020
18,83,Knox,47180
18,175,Washington,31140
5,7,Benton,22220
5,13,Calhoun,15780
5,45,Faulkner,30780
13,51,Chatham,42340
13,77,Coweta,12060
13,137,Habersham,18460
13,139,Hall,23580
13,143,Haralson,12060
13,157,Jackson,27600
13,171,Lamar,12060
13,181,Lincoln,12260
13,185,Lowndes,46660
13,195,Madison,12020
13,213,Murray,19140
13,217,Newton,12060
13,245,Richmond,12260
13,279,Toombs,47080
23,23,Sagadahoc,38860
23,31,York,38860
24,1,Allegany,19060
24,5,Baltimore,12580
24,17,Charles,47900
24,21,Frederick,47900
24,31,Montgomery,47900
24,45,Wicomico,41540
28,149,Warren,46980
28,151,Washington,24740
29,113,Lincoln,41180
29,159,Pettis,42740
29,183,St. Charles,41180
29,195,Saline,32180
29,197,Schuyler,28860
29,201,Scott,43460
30,13,Cascade,24500
30,31,Gallatin,14580
30,49,Lewis and Clark,25740
32,1,Churchill,21980
32,3,Clark,29820
33,7,Coos,13620
33,15,Rockingham,14460
33,17,Strafford,14460
34,1,Atlantic,12100
34,5,Burlington,37980
34,15,Gloucester,37980
34,19,Hunterdon,35620
34,21,Mercer,45940
34,25,Monmouth,35620
34,29,Ocean,35620
34,35,Somerset,35620
22,45,Iberia,29180
22,53,Jefferson Davis,27660
22,55,Lafayette,29180
6,55,Napa,34900
6,59,Orange,31080
6,69,San Benito,41940
6,73,San Diego,41740
6,79,San Luis Obispo,42020
6,83,Santa Barbara,42200
6,97,Sonoma,42220
6,101,Sutter,49700
6,107,Tulare,47300
6,113,Yolo,40900
8,19,Clear Creek,19740
8,31,Denver,19740
8,37,Eagle,20780
1,49,DeKalb,22840
1,63,Greene,46220
1,95,Marshall,10700
1,101,Montgomery,33860
1,107,Pickens,46220
1,115,St. Clair,13820
4,5,Coconino,22380
4,9,Graham,40940
4,13,Maricopa,38060
54,5,Boone,16620
54,39,Kanawha,16620
54,45,Logan,34350
54,107,Wood,37620
55,43,Grant,38420
12,86,Miami-Dade,33100
12,93,Okeechobee,36380
12,97,Osceola,36740
13,21,Bibb,31420
13,29,Bryan,42340
40,13,Bryan,20460
40,27,Cleveland,36420
40,125,Pottawatomie,43060
40,135,Sequoyah,22900
40,143,Tulsa,46140
27,13,Blue Earth,31860
27,61,Itasca,24330
27,75,Lake,20260
27,171,Wright,33460
28,1,Adams,35020
28,11,Bolivar,17380
28,29,Copiah,27140
28,43,Grenada,24980
28,83,Leflore,24900
28,87,Lowndes,18060
28,121,Rankin,27140
35,15,Eddy,16100
35,39,Rio Arriba,21580
35,45,San Juan,22140
35,55,Taos,45340
36,103,Suffolk,35620
36,119,Westchester,35620
36,123,Yates,40380
37,13,Beaufort,47820
37,23,Burke,25860
37,37,Chatham,20500
37,53,Currituck,47260
37,57,Davidson,49180
37,65,Edgecombe,40580
37,85,Harnett,22180
37,89,Henderson,11700
37,103,Jones,35100
37,115,Madison,11700
42,99,Perry,25420
42,103,Pike,35620
42,133,York,49620
48,449,Titus,34420
48,453,Travis,12420
48,473,Waller,26420
48,479,Webb,29700
49,45,Tooele,41620
49,47,Uintah,46860
49,51,Wasatch,25720
50,17,Orange,30100
50,27,Windsor,30100
51,7,Amelia,40060
51,19,Bedford,31340
51,23,Botetourt,40220
51,36,Charles City,40060
51,41,Chesterfield,40060
51,67,Franklin,40220
51,95,James City,47260
51,107,Loudoun,47900
51,127,New Kent,40060
51,143,Pittsylvania,19260
51,165,Rockingham,25500
51,175,Southampton,47260
51,179,Stafford,47900
51,187,Warren,47900
53,53,Pierce,42660
53,61,Snohomish,42660
53,71,Walla Walla,47460
53,73,Whatcom,13380
54,17,Doddridge,17220
54,19,Fayette,13220
54,27,Hampshire,49020
54,33,Harrison,17220
54,37,Jefferson,47900
54,43,Lincoln,16620
54,65,Morgan,25180
54,81,Raleigh,13220
37,133,Onslow,27340
37,137,Pamlico,35100
37,153,Richmond,40460
37,161,Rutherford,22580
38,59,Morton,13900
22,67,Morehouse,33740
22,69,Natchitoches,35060
22,79,Rapides,10780
22,97,St. Landry,36660
22,113,Vermilion,29180
22,117,Washington,14220
8,93,Park,19740
9,1,Fairfield,14860
9,7,Middlesex,25540
9,11,New London,35980
10,5,Sussex,41540
12,33,Escambia,37860
12,41,Gilchrist,23540
12,53,Hernando,45300
12,71,Lee,15980
19,27,Carroll,16140
19,75,Grundy,47940
19,113,Linn,16300
19,195,Worth,32380
20,143,Ottawa,41460
21,5,Anderson,23180
21,29,Bullitt,31140
21,43,Carter,26580
21,49,Clark,30460
21,125,Laurel,30940
21,139,Livingston,37140
55,37,Florence,27020
55,69,Lincoln,48140
55,75,Marinette,31940
55,111,Sauk,12660
41,7,Clatsop,11820
41,17,Deschutes,13460
41,19,Douglas,40700
41,65,Wasco,45520
42,3,Allegheny,38300
42,27,Centre,44300
42,33,Clearfield,20180
42,41,Cumberland,25420
42,45,Delaware,37980
42,51,Fayette,38300
42,61,Huntingdon,26500
42,71,Lancaster,29540
42,89,Monroe,20700
42,95,Northampton,10900
51,87,Henrico,40060
53,77,Yakima,49420
45,27,Clarendon,44940
45,47,Greenwood,24940
1,43,Cullman,18980
45,71,Newberry,35140
1,33,Colbert,22520
4,7,Gila,37740
6,39,Madera,31460
8,43,Fremont,15860
12,69,Lake,36740
12,129,Wakulla,45220
13,219,Oconee,12020
16,69,Nez Perce,30300
18,71,Jackson,42980
21,3,Allen,14540
21,51,Clay,30940
21,165,Menifee,34460
47,57,Grainger,34100
8,97,Pitkin,24060
22,17,Caddo,43340
22,115,Vernon,22860
29,19,Boone,17860
37,29,Camden,47260
46,117,Stanley,38180
39,47,Fayette,47920
39,61,Hamilton,17140
39,95,Lucas,45780
45,55,Kershaw,17900
45,59,Laurens,24860
45,69,Marlboro,13500
45,73,Oconee,42860
45,83,Spartanburg,43900
6,95,Solano,46700
8,35,Douglas,19740
10,3,New Castle,37980
12,113,Santa Rosa,37860
13,79,Crawford,31420
13,135,Gwinnett,12060
47,107,McMinn,11940
47,117,Marshall,30280
47,143,Rhea,19420
47,155,Sevier,42940
47,157,Shelby,32820
47,165,Sumner,34980
47,167,Tipton,32820
47,189,Wilson,34980
48,1,Anderson,37300
48,5,Angelina,31260
48,29,Bexar,41700
48,37,Bowie,45500
48,51,Burleson,17780
48,57,Calhoun,38920
48,91,Comal,41700
48,187,Guadalupe,41700
48,215,Hidalgo,32580
48,273,Kleberg,28780
48,301,Loving,37780
48,339,Montgomery,26420
48,349,Navarro,18620
46,127,Union,43580
47,13,Campbell,28940
47,21,Cheatham,34980
47,31,Coffee,46100
47,35,Cumberland,18900
47,37,Davidson,34980
47,65,Hamilton,16860
47,89,Jefferson,34100
56,13,Fremont,40180
5,57,Hempstead,26260
40,113,Osage,46140
41,15,Curry,15060
42,49,Erie,21500
42,101,Philadelphia,37980
45,57,Lancaster,16740
45,87,Union,46420
47,53,Gibson,27180
47,163,Sullivan,28700
48,135,Ector,36220
48,203,Harrison,30980
48,323,Maverick,20580
48,409,San Patricio,18580
48,465,Val Verde,19620
49,7,Carbon,39220
51,89,Henry,32300
53,11,Clark,38900
53,45,Mason,43220
13,261,Sumter,11140
22,111,Union,33740
37,105,Lee,41820
37,125,Moore,38240
20,149,Pottawatomie,31740
22,5,Ascension,12940
22,15,Bossier,43340
22,37,East Feliciana,12940
22,91,St. Helena,12940
22,109,Terrebonne,26380
24,47,Worcester,41540
26,55,Grand Traverse,45900
27,15,Brown,35580
27,167,Wilkin,47420
28,51,Holmes,27140
29,13,Bates,28140
29,95,Jackson,28140
35,33,Mora,29780
36,59,Nassau,35620
40,117,Pawnee,46140
42,43,Dauphin,25420
42,97,Northumberland,44980
45,15,Berkeley,16700
47,9,Blount,28940
47,129,Morgan,28940
48,65,Carson,11100
48,157,Fort Bend,26420
12,57,Hillsborough,45300
12,89,Nassau,27260
13,25,Brantley,15260
39,167,Washington,31930
18,7,Benton,29200
21,123,Larue,21060
21,209,Scott,30460
22,105,Tangipahoa,25220
26,7,Alpena,10980
54,83,Randolph,21180
53,27,Grays Harbor,10140
5,119,Pulaski,30780
25,5,Bristol,39300
22,43,Grant,10780
10,1,Kent,20100
12,75,Levy,23540
27,21,Cass,14660
28,89,Madison,27140
30,43,Jefferson,25740
34,27,Morris,35620
36,75,Oswego,45060
37,21,Buncombe,11700
37,107,Lenoir,28820
37,145,Person,20500
37,193,Wilkes,35900
41,47,Marion,41420
28,109,Pearl River,38100
29,27,Callaway,27620
30,9,Carbon,13740
34,31,Passaic,35620
35,17,Grant,43500
36,9,Cattaraugus,36460
36,61,New York,35620
36,71,Orange,39100
37,101,Johnston,39580
37,131,Northampton,40260
37,159,Rowan,16740
37,183,Wake,39580
44,9,Washington,39300
45,3,Aiken,12260
45,7,Anderson,24860
45,17,Calhoun,17900
45,35,Dorchester,16700
45,41,Florence,22500
45,45,Greenville,24860
45,51,Horry,34820
30,93,Silver Bow,15580
37,51,Cumberland,22180
37,139,Pasquotank,21020
47,45,Dyer,20540
47,127,Moore,46100
51,195,Wise,13720
54,99,Wayne,26580
1,9,Blount,13820
1,47,Dallas,42820
6,53,Monterey,41500
6,99,Stanislaus,33700
12,105,Polk,29460
16,41,Franklin,30860
18,21,Clay,45460
48,175,Goliad,47020
51,113,Madison,47900
53,33,King,42660
53,57,Skagit,34580
18,125,Pike,27540
27,103,Nicollet,31860
1,61,Geneva,20020
1,15,Calhoun,11500
21,235,Whitley,30940
22,57,Lafourche,26380
47,145,Roane,28940
47,183,Weakley,32280
48,41,Brazos,17780
48,341,Moore,20300
49,5,Cache,30860
49,23,Juab,39340
51,157,Rappahannock,47900
53,75,Whitman,39420
56,33,Sheridan,43260
56,39,Teton,27220
5,85,Lonoke,30780
6,89,Shasta,39820
8,5,Arapahoe,19740
1,73,Jefferson,13820
1,129,Washington,33660
42,131,Wyoming,42540
45,21,Cherokee,23500
27,137,St. Louis,20260
28,137,Tate,32820
34,9,Cape May,36140
37,19,Brunswick,34820
37,147,Pitt,24780
37,173,Swain,19000
5,145,White,42620
47,119,Maury,34980
47,147,Robertson,34980
48,15,Austin,26420
48,277,Lamar,37580
48,469,Victoria,47020
49,57,Weber,36260
51,3,Albemarle,16820
51,31,Campbell,31340
51,59,Fairfax,47900
51,121,Montgomery,13980
51,155,Pulaski,13980
53,67,Thurston,36500
54,57,Mineral,19060
41,3,Benton,18700
42,55,Franklin,16540
44,7,Providence,39300
13,215,Muscogee,17980
16,13,Blaine,25200
16,31,Cassia,15420
24,15,Cecil,37980
24,39,Somerset,41540
17,7,Boone,40420
18,53,Grant,31980
21,11,Bath,34460
21,67,Fayette,30460
21,101,Henderson,21780
22,77,Pointe Coupee,12940
22,103,St. Tammany,35380
8,69,Larimer,22660
27,67,Kandiyohi,48820
27,119,Polk,24220
21,89,Greenup,26580
26,89,Leelanau,45900
32,31,Washoe,39900
47,105,Loudon,28940
17,3,Alexander,16020
19,163,Scott,19340
22,63,Livingston,12940
22,101,St. Mary,34020
8,117,Summit,14720
13,31,Bulloch,44340
39,123,Ottawa,45780
40,101,Muskogee,34780
27,145,Stearns,41060
28,49,Hinds,27140
32,11,Eureka,21220
34,33,Salem,37980
36,113,Warren,24020
37,31,Carteret,33980
38,35,Grand Forks,24220
39,55,Geauga,17460
47,93,Knox,28940
1,71,Jackson,42460
48,61,Cameron,15180
1,21,Chilton,13820
4,23,Santa Cruz,35700
5,53,Grant,30780
1,103,Morgan,19460
48,389,Reeves,37780
51,93,Isle of Wight,47260
53,21,Franklin,28420
5,69,Jefferson,38220
5,107,Phillips,25760
6,41,Marin,41860
6,77,San Joaquin,44700
8,1,Adams,19740
1,97,Mobile,33660
48,401,Rusk,30980
48,459,Upshur,30980
51,101,King William,40060
51,191,Washington,28700
54,3,Berkeley,25180
42,17,Bucks,37980
4,21,Pinal,38060
13,113,Fayette,12060
13,151,Henry,12060
13,191,McIntosh,15260
24,27,Howard,12580
5,135,Sharp,12900
9,5,Litchfield,45860
9,13,Tolland,25540
12,115,Sarasota,35840
5,101,Newton,25460
5,105,Perry,30780
5,115,Pope,40780
5,5,Baxter,34260
5,9,Boone,25460
8,39,Elbert,19740
8,59,Jefferson,19740
1,37,Coosa,10760
8,101,Pueblo,39380
1,17,Chambers,29300
13,63,Clayton,12060
13,159,Jasper,12060
6,31,Kings,25260
6,35,Lassen,45000
6,75,San Francisco,41860
13,3,Atkinson,20060
12,35,Flagler,19660
12,87,Monroe,28580
12,109,St. Johns,27260
12,111,St. Lucie,38940
5,149,Yell,40780
6,25,Imperial,20940
6,61,Placer,40900
6,109,Tuolumne,43760
13,117,Forsyth,12060
13,169,Jones,31420
13,197,Marion,17980
17,67,Hancock,22800
17,183,Vermilion,19180
13,59,Clarke,12020
13,69,Coffee,20060
13,83,Dade,16860
13,145,Harris,17980
13,53,Chattahoochee,17980
17,73,Henry,19340
17,97,Lake,16980
17,63,Grundy,16980
16,51,Jefferson,26820
16,65,Madison,39940
13,257,Stephens,45740
17,11,Bureau,36837
18,99,Marshall,38500
13,295,Walker,16860
18,3,Allen,23060
17,107,Logan,30660
17,115,Macon,19500
17,121,Marion,16460
17,131,Mercer,19340
13,233,Polk,16340
13,239,Quitman,21640
18,31,Decatur,24700
18,37,Dubois,27540
18,41,Fayette,18220
18,65,Henry,35220
18,85,Kosciusko,47700
18,91,LaPorte,33140
18,109,Morgan,26900
16,19,Bonneville,26820
16,45,Gem,14260
17,29,Coles,16660
19,17,Bremer,47940
18,95,Madison,26900
18,97,Marion,26900
17,177,Stephenson,23300
16,75,Payette,36620
17,5,Bond,41180
19,103,Johnson,26980
19,127,Marshall,32260
20,111,Lyon,21380
20,113,McPherson,32700
19,41,Clay,43980
18,17,Cass,30900
20,57,Ford,19980
18,115,Ohio,17140
18,119,Owen,14020
18,121,Parke,45460
20,91,Johnson,28140
19,49,Dallas,19780
18,133,Putnam,26900
18,157,Tippecanoe,29200
18,111,Newton,16980
17,21,Christian,45380
20,85,Jackson,45820
19,169,Story,11180
20,9,Barton,24460
20,15,Butler,48620
20,43,Doniphan,41140
40,45,Ellis,49260
48,309,McLennan,47380
48,355,Nueces,18580
51,720,Norton,13720
51,740,Portsmouth,47260
18,143,Scott,42500
18,171,Warren,29200
18,177,Wayne,39980
51,810,Virginia Beach,47260
20,87,Jefferson,45820
53,59,Skamania,38900
54,11,Cabell,26580
23,11,Kennebec,12300
24,19,Dorchester,15700
24,25,Harford,12580
24,35,Queen Anne's,12580
25,9,Essex,14460
38,101,Ward,33500
25,3,Berkshire,38340
25,11,Franklin,44140
25,21,Norfolk,14460
26,165,Wexford,15620
42,73,Lawrence,35260
42,83,McKean,14620
48,441,Taylor,10180
48,451,Tom Green,41660
47,115,Marion,16860
47,125,Montgomery,17300
51,153,Prince William,47900
46,35,Davison,33580
51,75,Goochland,40060
39,159,Union,18140
48,145,Falls,47380
36,57,Montgomery,11220
36,67,Onondaga,45060
27,157,Wabasha,40340
26,23,Branch,17740
37,1,Alamance,15500
17,43,DuPage,16980
40,131,Rogers,46140
36,19,Clinton,38460
31,51,Dixon,43580
47,87,Jackson,18260
28,23,Clarke,32940
48,485,Wichita,48660
48,489,Willacy,39700
21,83,Graves,32460
26,27,Cass,43780
30,95,Stillwater,13740
36,73,Orleans,40380
48,49,Brown,15220
13,273,Terrell,10500
45,81,Saluda,17900
46,5,Beadle,26700
46,11,Brookings,15100
29,21,Buchanan,41140
26,37,Clinton,29620
40,33,Cotton,30020
12,31,Duval,27260
12,119,Sumter,45540
13,73,Columbia,12260
55,105,Rock,27500
41,11,Coos,18300
51,79,Greene,16820
32,13,Humboldt,49080
27,95,Mille Lacs,33460
27,109,Olmsted,40340
54,49,Marion,21900
55,73,Marathon,48140
17,137,Morgan,27300
42,121,Venango,36340
44,1,Bristol,39300
48,107,Crosby,31180
39,99,Mahoning,49660
39,103,Medina,17460
41,27,Hood River,26220
41,49,Morrow,25840
49,21,Iron,16260
56,41,Uinta,21740
51,11,Appomattox,31340
21,113,Jessamine,30460
41,59,Umatilla,25840
40,17,Canadian,36420
56,45,Weston,23940
23,19,Penobscot,12620
51,43,Clarke,47900
48,251,Johnson,19100
22,95,St. John the Baptist,35380
22,125,West Feliciana,12940
26,61,Houghton,26340
48,231,Hunt,19100
4,3,Cochise,43420
37,189,Watauga,14380
38,7,Billings,19860
51,630,Fredericksburg,47900
42,13,Blair,11020
26,65,Ingham,29620
29,167,Polk,44180
47,139,Polk,17420
47,153,Sequatchie,16860
48,497,Wise,19100
13,223,Paulding,12060
55,127,Walworth,48580
56,1,Albany,29660
56,5,Campbell,23940
47,169,Trousdale,34980
46,87,McCook,43620
47,177,Warren,32660
48,131,Duval,10860
48,143,Erath,44500
42,11,Berks,39740
42,19,Butler,38300
26,17,Bay,13020
51,685,Manassas Park,47900
48,163,Frio,37770
48,179,Gray,37420
28,47,Harrison,25060
48,303,Lubbock,31180
51,540,Charlottesville,16820
51,570,Colonial Heights,40060
51,610,Falls Church,47900
39,25,Clermont,17140
39,53,Gallia,38580
31,153,Sarpy,36540
31,109,Lancaster,30700
31,119,Madison,35740
31,53,Dodge,23340
39,119,Muskingum,49780
5,51,Garland,26300
29,173,Ralls,25300
40,21,Cherokee,45140
36,79,Putnam,35620
39,127,Perry,18140
20,45,Douglas,29940
20,51,Ellis,25700
20,55,Finney,23780
29,177,Ray,28140
20,173,Sedgwick,48620
20,177,Shawnee,45820
29,17,Bollinger,16020
29,47,Clay,28140
20,59,Franklin,36840
29,105,Laclede,30060
39,9,Athens,11900
19,181,Warren,19780
19,187,Webster,22700
38,65,Oliver,13900
6,111,Ventura,37100
20,175,Seward,30580
22,23,Cameron,29340
22,51,Jefferson,35380
22,75,Plaquemines,35380
20,17,Chase,21380
20,37,Crawford,38260
29,510,St. Louis,41180
21,21,Boyle,19220
36,107,Tioga,13780
20,169,Saline,41460
21,137,Lincoln,19220
39,147,Seneca,45660
39,153,Summit,10420
40,37,Creek,46140
34,37,Sussex,35620
32,23,Nye,37220
32,510,Carson City,16180
40,39,Custer,48220
29,77,Greene,44180
28,115,Pontotoc,46180
31,177,Washington,36540
20,125,Montgomery,17700
20,209,Wyandotte,28140
21,77,Gallatin,17140
24,9,Calvert,47900
6,103,Tehama,39780
40,9,Beckham,21120
40,19,Carter,11620
38,89,Stark,19860
29,1,Adair,28860
51,790,Staunton,44420
26,75,Jackson,27100
26,79,Kalkaska,45900
39,7,Ashtabula,11780
37,141,Pender,48900
39,73,Hocking,18140
39,77,Huron,35940
46,99,Minnehaha,43620
54,15,Clay,16620
21,103,Henry,31140
36,33,Franklin,31660
36,51,Livingston,40380
31,55,Douglas,36540
40,47,Garfield,21420
13,47,Catoosa,16860
31,47,Dawson,30420
55,25,Dane,31540
39,129,Pickaway,18140
39,19,Carroll,15940
21,13,Bell,33180
39,97,Madison,18140
28,67,Jones,29860
21,173,Montgomery,34460
55,39,Fond du Lac,22540
55,59,Kenosha,16980
39,151,Stark,15940
40,31,Comanche,30020
28,71,Lafayette,37060
28,85,Lincoln,15020
39,83,Knox,34540
39,91,Logan,13340
40,121,Pittsburg,32540
46,125,Turner,43620
21,199,Pulaski,43700
26,149,St. Joseph,44780
39,157,Tuscarawas,35420
26,155,Shiawassee,29620
39,117,Morrow,18140
39,143,Sandusky,23380
39,165,Warren,17140
39,133,Portage,10420
39,13,Belmont,48540
39,107,Mercer,16380
21,227,Warren,14540
53,35,Kitsap,14740
53,41,Lewis,16500
51,830,Williamsburg,47260
55,15,Calumet,11540
55,21,Columbia,31540
39,17,Butler,17140
35,47,San Miguel,29780
35,57,Torrance,10740
33,13,Merrimack,18180
39,155,Trumbull,49660
28,133,Sunflower,26940
18,59,Hancock,26900
27,141,Sherburne,33460
27,147,Steele,36940
35,61,Valencia,10740
13,249,Schley,11140
17,19,Champaign,16580
47,131,Obion,46460
21,111,Jefferson,31140
12,99,Palm Beach,33100
22,121,West Baton Rouge,12940
1,53,Escambia,12120
1,67,Henry,20020
19,77,Guthrie,19780
27,131,Rice,22060
42,79,Luzerne,42540
48,9,Archer,48660
50,3,Bennington,13540
13,207,Monroe,31420
18,173,Warrick,21780
17,179,Tazewell,37900
13,57,Cherokee,12060
17,57,Fulton,37900
13,85,Dawson,12060
13,225,Peach,47580
48,431,Sterling,41660
42,47,Elk,41260
13,277,Tift,45700
48,381,Randall,11100
26,125,Oakland,19820
21,169,Metcalfe,23980
48,487,Wilbarger,46900
48,493,Wilson,41700
42,75,Lebanon,30140
24,510,Baltimore,12580
36,95,Schoharie,10580
19,99,Jasper,19780
13,15,Bartow,12060
47,75,Haywood,15140
5,55,Greene,37500
8,14,Broomfield,19740
19,101,Jefferson,21840
19,105,Jones,16300
12,19,Clay,27260
12,49,Hardee,48100
19,57,Des Moines,15460
20,61,Geary,31740
42,123,Warren,47620
13,95,Dougherty,10500
27,83,Lyon,32140
42,119,Union,30260
13,177,Lee,10500
36,99,Seneca,42900
33,1,Belknap,29060
45,37,Edgefield,12260
13,167,Johnson,20140
27,99,Mower,12380
21,145,McCracken,37140
26,45,Eaton,29620
8,41,El Paso,17820
18,69,Huntington,26540
18,73,Jasper,16980
37,87,Haywood,11700
37,155,Robeson,31300
38,105,Williams,48780
48,139,Ellis,19100
48,481,Wharton,20900
41,45,Malheur,36620
42,63,Indiana,26860
45,53,Jasper,25940
18,29,Dearborn,17140
8,47,Gilpin,19740
47,161,Stewart,17300
26,19,Benzie,45900
44,3,Kent,39300
18,105,Monroe,14020
40,81,Lincoln,36420
5,31,Craighead,27860
27,41,Douglas,10820
19,125,Marion,37800
8,119,Teller,17820
12,1,Alachua,23540
9,15,Windham,49340
12,27,DeSoto,11580
5,123,St. Francis,22620
18,43,Floyd,31140
21,215,Spencer,31140
21,221,Trigg,17300
22,73,Ouachita,33740
22,87,St. Bernard,35380
40,71,Kay,38620
9,3,Hartford,25540
26,117,Montcalm,24340
26,121,Muskegon,34740
42,81,Lycoming,48700
19,61,Dubuque,20220
19,139,Muscatine,34700
19,153,Polk,19780
19,13,Black Hawk,47940
20,139,Osage,45820
42,69,Lackawanna,42540
40,115,Ottawa,33060
27,45,Fillmore,40340
27,123,Ramsey,33460
16,53,Jerome,46300
54,61,Monongalia,34060
42,7,Beaver,38300
48,353,Nolan,45020
48,367,Parker,19100
54,69,Ohio,48540
48,221,Hood,24180
48,227,Howard,13700
13,89,DeKalb,12060
12,61,Indian River,42680
13,285,Troup,29300
17,89,Kane,16980
45,39,Fairfield,17900
13,115,Floyd,40660
42,21,Cambria,27780
18,141,St. Joseph,43780
13,255,Spalding,12060
13,259,Stewart,17980
8,81,Moffat,18780
42,37,Columbia,14100
26,77,Kalamazoo,28020
42,107,Schuylkill,39060
17,71,Henderson,15460
1,77,Lauderdale,22520
1,83,Limestone,26620
13,67,Cobb,12060
13,81,Crisp,18380
37,97,Iredell,16740
37,169,Stokes,49180
51,510,Alexandria,47900
51,13,Arlington,47900
26,73,Isabella,34380
18,5,Bartholomew,18020
18,15,Carroll,29200
17,167,Sangamon,44100
18,163,Vanderburgh,21780
18,165,Vermillion,45460
18,169,Wabash,47340
54,55,Mercer,14140
13,299,Ware,48180
26,93,Livingston,19820
17,203,Woodford,37900
8,85,Montrose,33940
12,21,Collier,34940
12,51,Hendry,17500
17,147,Piatt,16580
48,97,Cooke,23620
48,113,Dallas,19100
17,141,Ogle,40300
47,113,Madison,27180
54,35,Jackson,16620
18,1,Adams,19540
1,125,Tuscaloosa,46220
4,17,Navajo,43320
55,89,Ozaukee,33340
51,45,Craig,40220
51,600,Fairfax,47900
17,81,Jefferson,34500
13,35,Butts,12060
27,19,Carver,33460
39,169,Wayne,49300
42,1,Adams,23900
47,133,Overton,18260
26,43,Dickinson,27020
26,57,Gratiot,10940
26,67,Ionia,24340
36,69,Ontario,40380
28,105,Oktibbeha,44260
16,1,Ada,14260
26,87,Lapeer,19820
26,91,Lenawee,10300
13,293,Upson,45580
17,133,Monroe,41180
47,43,Dickson,34980
45,23,Chester,16740
50,7,Chittenden,15540
31,113,Logan,35820
18,79,Jennings,35860
17,195,Whiteside,44580
48,183,Gregg,30980
50,11,Franklin,15540
26,5,Allegan,26090
18,93,Lawrence,13260
5,47,Franklin,22900
13,55,Chattooga,44900
8,75,Logan,44540
48,189,Hale,38380
13,321,Worth,10500
17,109,McDonough,31380
17,113,McLean,14010
26,25,Calhoun,12980
13,101,Echols,46660
17,99,LaSalle,36837
17,103,Lee,19940
17,105,Livingston,38700
37,179,Union,16740
17,123,Marshall,37900
48,397,Rockwall,19100
37,25,Cabarrus,16740
37,35,Catawba,25860
13,211,Morgan,12060
40,111,Okmulgee,46140
51,115,Mathews,47260
51,169,Scott,28700
17,83,Jersey,41180
39,79,Jackson,27160
28,117,Prentiss,46180
29,135,Moniteau,27620
51,650,Hampton,47260
37,143,Perquimans,21020
29,165,Platte,28140
17,111,McHenry,16980
37,191,Wayne,24140
29,225,Webster,44180
36,85,Richmond,35620
28,59,Jackson,25060
56,37,Sweetwater,40540
54,79,Putnam,26580
39,89,Licking,18140
45,85,Sumter,44940
18,89,Lake,16980
18,107,Montgomery,18820
18,161,Union,17140
19,21,Buena Vista,44740
36,117,Wayne,40380
48,219,Hockley,30220
12,5,Bay,37460
48,257,Kaufman,19100
36,11,Cayuga,12180
31,141,Platte,18100
48,21,Bastrop,12420
29,111,Lewis,39500
53,1,Adams,36830
53,63,Spokane,44060
40,153,Woodward,49260
33,5,Cheshire,28300
35,1,Bernalillo,10740
36,27,Dutchess,39100
18,47,Franklin,17140
5,111,Poinsett,27860
38,15,Burleigh,13900
29,25,Caldwell,28140
29,91,Howell,48460
20,191,Sumner,48620
31,67,Gage,13100
46,65,Hughes,38180
54,51,Marshall,48540
37,109,Lincoln,16740
37,197,Yadkin,49180
31,93,Howard,24260
55,71,Manitowoc,31820
48,209,Hays,12420
48,233,Hutchinson,14420
35,6,Cibola,24380
35,9,Curry,17580
31,139,Pierce,35740
51,680,Lynchburg,31340
51,683,Manassas,47900
13,45,Carroll,12060
21,163,Meade,21060
21,191,Pendleton,17140
39,51,Fulton,45780
35,13,Do?a Ana,29740
55,83,Oconto,24580
48,77,Clay,48660
13,87,Decatur,12460
27,169,Winona,49100
39,59,Guernsey,15740
5,27,Columbia,31620
48,235,Irion,41660
48,249,Jim Wells,10860
29,181,Ripley,38740
48,281,Lampasas,28660
48,291,Liberty,26420
41,9,Columbia,38900
28,69,Kemper,32940
29,107,Lafayette,28140
37,81,Guilford,24660
37,119,Mecklenburg,16740
37,171,Surry,34340
28,113,Pike,32620
55,49,Iowa,31540
48,253,Jones,10180
51,550,Chesapeake,47260
51,65,Fluvanna,16820
51,520,Bristol,28700
28,127,Simpson,27140
17,49,Effingham,20820
1,7,Bibb,13820
28,15,Carroll,24900
55,31,Douglas,20260
1,85,Lowndes,33860
55,101,Racine,39540
46,45,Edmunds,10100
20,93,Kearny,23780
29,53,Cooper,17860
35,28,Los Alamos,31060
37,181,Vance,25780
28,73,Lamar,25620
46,57,Hamlin,47980
28,25,Clay,48500
48,85,Collin,19100
48,115,Dawson,29500
36,21,Columbia,26460
28,155,Webster,44260
28,31,Covington,25620
28,35,Forrest,25620
5,125,Saline,30780
39,81,Jefferson,48260
34,39,Union,35620
29,51,Cole,27620
6,87,Santa Cruz,42100
40,119,Payne,44660
29,147,Nodaway,32340
29,151,Osage,27620
35,27,Lincoln,40760
39,31,Coshocton,18740
39,33,Crawford,15340
21,73,Franklin,23180
51,750,Radford,13980
40,123,Pontotoc,10220
27,59,Isanti,33460
39,37,Darke,24820
26,105,Mason,31220
48,439,Tarrant,19100
16,55,Kootenai,17660
39,57,Greene,19430
21,47,Christian,17300
21,81,Grant,17140
46,103,Pennington,39660
1,45,Dale,37120
31,159,Seward,30700
31,165,Sioux,42420
31,111,Lincoln,35820
56,11,Crook,23940
27,55,Houston,29100
25,23,Plymouth,14460
46,61,Hanson,33580
47,99,Lawrence,29980
55,93,Pierce,33460
55,97,Portage,44620
18,57,Hamilton,26900
18,77,Jefferson,31500
18,127,Porter,16980
12,101,Pasco,45300
47,179,Washington,27740
39,23,Clark,44220
39,139,Richland,31900
27,85,McLeod,26780
37,3,Alexander,25860
35,5,Chaves,40740
18,19,Clark,31140
39,41,Delaware,18140
29,97,Jasper,27900
32,29,Storey,39900
39,27,Clinton,48940
21,91,Hancock,36980
12,81,Manatee,35840
48,121,Denton,19100
46,27,Clay,46820
16,81,Teton,27220
5,79,Lincoln,38220
31,121,Merrick,24260
46,135,Yankton,49460
13,199,Meriwether,12060
21,211,Shelby,31140
55,141,Wood,49220
47,47,Fayette,32820
55,27,Dodge,13180
21,15,Boone,17140
21,87,Green,15820
27,35,Crow Wing,14660
18,33,DeKalb,12140
18,39,Elkhart,21140
36,15,Chemung,21300
48,305,Lynn,31180
36,109,Tompkins,27060
40,85,Love,11620
37,71,Gaston,16740
21,19,Boyd,26580
12,11,Broward,33100
47,23,Chester,27180
17,13,Calhoun,41180
12,15,Charlotte,39460
27,17,Carlton,20260
29,145,Newton,27900
55,133,Waukesha,33340
21,9,Barren,23980
48,363,Palo Pinto,33420
36,93,Schenectady,10580
22,89,St. Charles,35380
22,93,St. James,35380
27,49,Goodhue,39860
13,129,Gordon,15660
29,7,Audrain,33020
42,15,Bradford,42380
46,29,Codington,47980
29,219,Warren,41180
21,35,Calloway,34660
28,111,Perry,25620
29,45,Clark,22800
54,77,Preston,34060
35,41,Roosevelt,38780
37,73,Gates,47260
5,35,Crittenden,32820
51,760,Richmond,40060
41,29,Jackson,32780
16,11,Bingham,13940
39,5,Ashland,11740
17,95,Knox,23660
40,139,Texas,25100
18,11,Boone,26900
20,121,Miami,28140
32,5,Douglas,23820
31,117,McPherson,35820
42,109,Snyder,42780
23,5,Cumberland,38860
17,35,Cumberland,16660
42,25,Carbon,10900
51,21,Bland,14140
40,109,Oklahoma,36420
40,83,Logan,36420
40,137,Stephens,20340
29,187,St. Francois,22100
41,41,Lincoln,35440
17,155,Putnam,36837
18,23,Clinton,23140
18,63,Hendricks,26900
18,145,Shelby,26900
26,161,Washtenaw,11460
37,157,Rockingham,24660
37,195,Wilson,48980
37,151,Randolph,24660
12,3,Baker,27260
53,3,Asotin,30300
19,11,Benton,16300
31,7,Banner,42420
40,147,Washington,12780
41,53,Polk,41420
51,840,Winchester,49020
13,175,Laurens,20140
8,123,Weld,24540
27,9,Benton,41060
31,43,Dakota,43580
55,45,Green,31540
17,117,Macoupin,41180
42,77,Lehigh,10900
49,53,Washington,41100
18,153,Sullivan,45460
19,123,Mahaska,36820
21,117,Kenton,17140
31,99,Kearney,28260
13,247,Rockdale,12060
17,77,Jackson,16060
18,183,Whitley,23060
27,7,Beltrami,13420
19,15,Boone,11180
39,15,Brown,17140
35,25,Lea,26020
8,107,Routt,44460
12,103,Pinellas,45300
13,17,Ben Hill,22340
51,183,Sussex,40060
13,71,Colquitt,34220
39,29,Columbiana,41400
48,27,Bell,28660
13,33,Burke,12260
48,375,Potter,11100
17,87,Johnson,16060
51,590,Danville,19260
27,79,Le Sueur,33460
42,87,Mifflin,30380
19,121,Madison,19780
19,179,Wapello,36900
27,39,Dodge,40340
48,415,Scurry,43660
27,111,Otter Tail,22260
21,61,Edmonson,14540
48,505,Zapata,49820
13,297,Walton,12060
19,33,Cerro Gordo,32380
17,201,Winnebago,40420
19,59,Dickinson,44020
19,183,Washington,26980
39,113,Montgomery,19430
18,167,Vigo,45460
37,67,Forsyth,49180
13,231,Pike,12060
26,21,Berrien,35660
39,141,Ross,17060
51,820,Waynesboro,44420
48,59,Callahan,10180
55,33,Dunn,32860
28,45,Hancock,25060
27,105,Nobles,49380
55,87,Outagamie,11540
39,63,Hancock,22300
39,149,Shelby,43380
54,53,Mason,38580
36,23,Cortland,18660
1,3,Baldwin,19300
1,109,Pike,45980
4,15,Mohave,29420
5,91,Miller,45500
55,17,Chippewa,20740
38,49,McHenry,33500
47,171,Unicoi,27740
26,59,Hillsdale,25880
26,111,Midland,33220
39,85,Lake,17460
35,31,McKinley,23700
41,71,Yamhill,38900
27,25,Chisago,33460
12,85,Martin,38940
33,11,Hillsborough,31700
36,1,Albany,10580
50,23,Washington,12740
1,127,Walker,27530
29,59,Dallas,44180
29,63,DeKalb,41140
36,7,Broome,13780
28,131,Stone,25060
29,49,Clinton,28140
48,99,Coryell,28660
24,37,St. Mary's,15680
4,19,Pima,46060
20,5,Atchison,11860
46,13,Brown,10100
55,109,St. Croix,33460
56,25,Natrona,16220
51,800,Suffolk,47260
26,113,Missaukee,15620
36,37,Genesee,12860
50,13,Grand Isle,15540
56,21,Laramie,16940
33,19,Sullivan,30100
19,193,Woodbury,43580
55,115,Shawano,43020
1,31,Coffee,21460
1,123,Tallapoosa,10760
35,49,Santa Fe,42140
47,11,Bradley,17420
41,13,Crook,39260
36,5,Bronx,35620
36,55,Monroe,40380
48,359,Oldham,11100
51,670,Hopewell,40060
54,29,Hancock,48260
12,91,Okaloosa,18880
36,35,Fulton,24100
39,109,Miami,19430
28,57,Itawamba,46180
29,37,Cass,28140
47,51,Franklin,46100
16,17,Bonner,41760
20,99,Labette,37660
28,81,Lee,46180
55,55,Jefferson,48020
5,87,Madison,22220
8,87,Morgan,22820
39,93,Lorain,17460
48,393,Roberts,37420
36,89,St. Lawrence,36300
35,35,Otero,10460
6,29,Kern,12540
6,71,San Bernardino,40140
54,9,Brooke,48260
17,1,Adams,39500
51,71,Giles,13980
32,19,Lyon,22280
48,13,Atascosa,41700
48,71,Chambers,26420
39,45,Fairfield,18140
5,33,Crawford,22900
36,83,Rensselaer,10580
54,105,Wirt,37620
48,19,Bandera,41700
51,770,Roanoke,40220
51,775,Salem,40220
13,275,Thomas,45620
31,79,Hall,24260
8,45,Garfield,24060
13,227,Pickens,12060
48,181,Grayson,43300
51,620,Franklin,47260
46,83,Lincoln,43620
31,157,Scotts Bluff,42420
46,81,Lawrence,43940
31,1,Adams,25580
55,78,Menominee,43020
51,710,Norfolk,47260
51,735,Poquoson,47260
29,169,Pulaski,22780
20,103,Leavenworth,28140
51,660,Harrisonburg,25500
31,19,Buffalo,28260
29,175,Randolph,33620
48,259,Kendall,41700
48,463,Uvalde,46620
55,9,Brown,24580
55,61,Kewaunee,24580
20,197,Wabaunsee,45820
51,700,Newport News,47260
55,63,La Crosse,29100
50,21,Rutland,40860
48,325,Medina,41700
48,329,Midland,33260
55,131,Washington,33340
34,17,Hudson,35620
17,37,DeKalb,16980
12,17,Citrus,26140
20,161,Riley,31740
21,59,Daviess,36980
39,173,Wood,45780
17,93,Kendall,16980
17,127,Massac,37140
39,87,Lawrence,26580
35,43,Sandoval,10740
37,45,Cleveland,43140
55,35,Eau Claire,20740
28,61,Jasper,29860
17,119,Madison,41180
21,121,Knox,30940
21,177,Muhlenberg,16420
48,491,Williamson,12420
51,9,Amherst,31340
51,47,Culpeper,47900
39,145,Scioto,39020
20,79,Harvey,48620
20,107,Linn,28140
55,117,Sheboygan,43100
55,139,Winnebago,36780
5,81,Little River,45500
12,83,Marion,36100
13,127,Glynn,15260
51,730,Petersburg,40060
37,129,New Hanover,48900
37,167,Stanly,10620
38,77,Richland,47420
45,79,Richland,17900
6,17,El Dorado,40900
19,85,Harrison,36540
47,15,Cannon,34980
32,7,Elko,21220
17,163,St. Clair,41180
30,111,Yellowstone,13740
31,25,Cass,36540
22,19,Calcasieu,29340
47,141,Putnam,18260
48,39,Brazoria,26420
48,223,Hopkins,44860
48,321,Matagorda,13060
47,59,Greene,24620
42,129,Westmoreland,38300
48,3,Andrews,11380
48,265,Kerr,28500
6,67,Sacramento,40900
17,143,Peoria,37900
1,79,Lawrence,19460
16,67,Minidoka,15420
27,37,Dakota,33460
5,139,Union,20980
45,31,Darlington,22500
17,171,Scott,27300
54,91,Taylor,17220
13,173,Lanier,46660
20,35,Cowley,49060
20,155,Reno,26740
12,117,Seminole,36740
13,13,Barrow,12060
48,63,Camp,34420
16,77,Power,38540
51,97,King and Queen,40060
6,7,Butte,17020
8,67,La Plata,20420
13,263,Talbot,17980
21,37,Campbell,17140
47,111,Macon,34980
17,199,Williamson,16060
28,93,Marshall,32820
29,89,Howard,17860
36,101,Steuben,18500
37,63,Durham,20500
35,29,Luna,19700
29,3,Andrew,41140
51,690,Martinsville,32300
19,129,Mills,36540
21,23,Bracken,17140
37,135,Orange,20500
25,15,Hampshire,44140
39,161,Van Wert,46780
29,43,Christian,44180
13,97,Douglas,12060
38,75,Renville,33500
38,93,Stutsman,27420
39,3,Allen,30620
39,21,Champaign,46500
1,81,Lee,12220
26,145,Saginaw,40980
42,85,Mercer,49660
22,61,Lincoln,40820
28,27,Coahoma,17260
51,61,Fauquier,47900
47,79,Henry,37540
42,125,Washington,38300
6,15,Del Norte,18860
21,107,Hopkins,31580
36,63,Niagara,15380
13,153,Houston,47580
23,1,Androscoggin,30340
21,185,Oldham,31140
27,47,Freeborn,10660
28,3,Alcorn,18420
42,39,Crawford,32740
21,161,Mason,32500
27,3,Anoka,33460
31,155,Saunders,36540
45,75,Orangeburg,36700
48,201,Harris,26420
39,11,Auglaize,47540
26,107,Mecosta,13660
40,51,Grady,36420
18,81,Johnson,26900
29,127,Marion,25300
29,161,Phelps,40620
39,49,Franklin,18140
22,7,Assumption,12940
5,59,Hot Spring,31680
5,143,Washington,22220
26,49,Genesee,22420
42,93,Montour,14100
33,9,Grafton,30100
39,101,Marion,32020
30,63,Missoula,33540
36,111,Ulster,28740
45,13,Beaufort,25940
34,11,Cumberland,47220
25,27,Worcester,49340
47,187,Williamson,34980
4,25,Yavapai,39150
41,67,Washington,38900
18,13,Brown,26900
26,81,Kent,24340
21,149,McLean,36980
29,71,Franklin,41180
29,213,Taney,14700
19,155,Pottawattamie,36540
18,113,Noble,28340
29,101,Johnson,47660
18,151,Steuben,11420
36,87,Rockland,35620
47,33,Crockett,27180
47,159,Smith,34980
48,73,Cherokee,27380
24,13,Carroll,12580
26,109,Menominee,31940
4,27,Yuma,49740
16,57,Latah,34140
37,77,Granville,20500
13,221,Oglethorpe,12020
24,41,Talbot,20660
16,5,Bannock,38540
53,17,Douglas,48300
5,131,Sebastian,22900
6,65,Riverside,40140
1,69,Houston,20020
1,121,Talladega,45180
13,39,Camden,41220
40,87,McClain,36420
27,27,Clay,22020
29,99,Jefferson,41180
48,117,Deaf Smith,25820
48,147,Fannin,14300
31,73,Gosper,30420
48,171,Gillespie,23240
55,79,Milwaukee,33340
26,139,Ottawa,24340
