GEOID,NAME,LSAD
"37620","Parkersburg-Vienna, WV",M1
"45980","Troy, AL",M2
"49020","Winchester, VA-WV",M1
"45180","Talladega-Sylacauga, AL",M2
"25060","Gulfport-Biloxi, MS",M1
"17220","Clarksburg, WV",M2
"21660","Eugene-Springfield, OR",M1
"25500","Harrisonburg, VA",M1
"21260","Ellensburg, WA",M2
"35100","New Bern, NC",M1
"20060","Douglas, GA",M2
"14180","Blytheville, AR",M2
"42660","Seattle-Tacoma-Bellevue, WA",M1
"49420","Yakima, WA",M1
"11980","Athens, TX",M2
"29500","Lamesa, TX",M2
"44060","Spokane-Spokane Valley, WA",M1
"14140","Bluefield, WV-VA",M2
"41620","Salt Lake City, UT",M1
"47180","Vincennes, IN",M2
"21220","Elko, NV",M2
"18980","Cullman, AL",M2
"25760","Helena-West Helena, AR",M2
"49700","Yuba City, CA",M1
"15380","Buffalo-Cheektowaga, NY",M1
"11060","Altus, OK",M2
"42820","Selma, AL",M2
"37540","Paris, TN",M2
"48180","Waycross, GA",M2
"21700","Eureka-Arcata, CA",M2
"44940","Sumter, SC",M1
"44460","Steamboat Springs, CO",M2
"27020","Iron Mountain, MI-WI",M2
"37740","Payson, AZ",M2
"48300","Wenatchee, WA",M1
"37260","Palatka, FL",M2
"33180","Middlesborough, KY",M2
"18620","Corsicana, TX",M2
"23420","Fresno, CA",M1
"18900","Crossville, TN",M2
"35460","Newport, TN",M2
"31460","Madera, CA",M1
"28860","Kirksville, MO",M2
"39780","Red Bluff, CA",M2
"19420","Dayton, TN",M2
"29460","Lakeland-Winter Haven, FL",M1
"27340","Jacksonville, NC",M1
"42620","Searcy, AR",M2
"17420","Cleveland, TN",M1
"46020","Truckee-Grass Valley, CA",M2
"39150","Prescott Valley-Prescott, AZ",M1
"34820","Myrtle Beach-Conway-North Myrtle Beach, SC-NC",M1
"17020","Chico, CA",M1
"13060","Bay City, TX",M2
"19460","Decatur, AL",M1
"32900","Merced, CA",M1
"32000","Marion, NC",M2
"34460","Mount Sterling, KY",M2
"47300","Visalia, CA",M1
"33780","Monroe, MI",M1
"47780","Washington, IN",M2
"33700","Modesto, CA",M1
"20460","Durant, OK",M2
"42940","Sevierville, TN",M2
"39220","Price, UT",M2
"44300","State College, PA",M1
"34020","Morgan City, LA",M2
"31860","Mankato, MN",M1
"17340","Clearlake, CA",M2
"20100","Dover, DE",M1
"24300","Grand Junction, CO",M1
"42100","Santa Cruz-Watsonville, CA",M1
"34380","Mount Pleasant, MI",M2
"23460","Gadsden, AL",M1
"23860","Georgetown, SC",M2
"19760","DeRidder, LA",M2
"12680","Bardstown, KY",M2
"37300","Palestine, TX",M2
"36500","Olympia-Lacey-Tumwater, WA",M1
"15180","Brownsville-Harlingen, TX",M1
"28620","Kill Devil Hills, NC",M2
"12100","Atlantic City-Hammonton, NJ",M1
"42020","San Luis Obispo-Paso Robles, CA",M1
"45940","Trenton-Princeton, NJ",M1
"13700","Big Spring, TX",M2
"37140","Paducah, KY-IL",M2
"29900","Laurinburg, NC",M2
"21640","Eufaula, AL-GA",M2
"28420","Kennewick-Richland, WA",M1
"13460","Bend, OR",M1
"39660","Rapid City, SD",M1
"20940","El Centro, CA",M1
"28380","Kennett, MO",M2
"12660","Baraboo, WI",M2
"38300","Pittsburgh, PA",M1
"17460","Cleveland-Elyria, OH",M1
"13980","Blacksburg-Christiansburg, VA",M1
"38920","Port Lavaca, TX",M2
"48660","Wichita Falls, TX",M1
"29340","Lake Charles, LA",M1
"15260","Brunswick, GA",M1
"26820","Idaho Falls, ID",M1
"41140","St. Joseph, MO-KS",M1
"36420","Oklahoma City, OK",M1
"32100","Marquette, MI",M2
"10500","Albany, GA",M1
"41540","Salisbury, MD-DE",M1
"41180","St. Louis, MO-IL",M1
"17780","College Station-Bryan, TX",M1
"11820","Astoria, OR",M2
"12900","Batesville, AR",M2
"20420","Durango, CO",M2
"28740","Kingston, NY",M1
"40060","Richmond, VA",M1
"22520","Florence-Muscle Shoals, AL",M1
"40900","Sacramento-Roseville-Folsom, CA",M1
"16620","Charleston, WV",M1
"43180","Shelbyville, TN",M2
"19340","Davenport-Moline-Rock Island, IA-IL",M1
"30100","Lebanon, NH-VT",M2
"31340","Lynchburg, VA",M1
"49740","Yuma, AZ",M1
"42700","Sebring-Avon Park, FL",M1
"26140","Homosassa Springs, FL",M1
"27540","Jasper, IN",M2
"34780","Muskogee, OK",M2
"26420","Houston-The Woodlands-Sugar Land, TX",M1
"37900","Peoria, IL",M1
"20180","DuBois, PA",M2
"33660","Mobile, AL",M1
"47820","Washington, NC",M2
"26860","Indiana, PA",M2
"32820","Memphis, TN-MS-AR",M1
"41740","San Diego-Chula Vista-Carlsbad, CA",M1
"22180","Fayetteville, NC",M1
"27220","Jackson, WY-ID",M2
"38540","Pocatello, ID",M1
"44860","Sulphur Springs, TX",M2
"20780","Edwards, CO",M2
"24940","Greenwood, SC",M2
"34060","Morgantown, WV",M1
"33340","Milwaukee-Waukesha, WI",M1
"40530","Rockport, TX",M2
"45340","Taos, NM",M2
"29180","Lafayette, LA",M1
"33300","Milledgeville, GA",M2
"39820","Redding, CA",M1
"20900","El Campo, TX",M2
"26620","Huntsville, AL",M1
"36140","Ocean City, NJ",M1
"44100","Springfield, IL",M1
"46980","Vicksburg, MS",M2
"10740","Albuquerque, NM",M1
"10540","Albany-Lebanon, OR",M1
"20580","Eagle Pass, TX",M2
"47240","Vineyard Haven, MA",M2
"33860","Montgomery, AL",M1
"24860","Greenville-Anderson, SC",M1
"19000","Cullowhee, NC",M2
"22300","Findlay, OH",M2
"38380","Plainview, TX",M2
"11100","Amarillo, TX",M1
"30620","Lima, OH",M1
"29860","Laurel, MS",M2
"10460","Alamogordo, NM",M2
"33740","Monroe, LA",M1
"31940","Marinette, WI-MI",M2
"11420","Angola, IN",M2
"45900","Traverse City, MI",M2
"33460","Minneapolis-St. Paul-Bloomington, MN-WI",M1
"15500","Burlington, NC",M1
"40180","Riverton, WY",M2
"19060","Cumberland, MD-WV",M1
"37980","Philadelphia-Camden-Wilmington, PA-NJ-DE-MD",M1
"25740","Helena, MT",M2
"44420","Staunton, VA",M1
"14720","Breckenridge, CO",M2
"36580","Oneonta, NY",M2
"38820","Port Angeles, WA",M2
"20700","East Stroudsburg, PA",M1
"14660","Brainerd, MN",M2
"21340","El Paso, TX",M1
"16220","Casper, WY",M1
"20260","Duluth, MN-WI",M1
"24620","Greeneville, TN",M2
"22860","Fort Polk South, LA",M2
"20660","Easton, MD",M2
"36700","Orangeburg, SC",M2
"43900","Spartanburg, SC",M1
"15980","Cape Coral-Fort Myers, FL",M1
"43740","Somerset, PA",M2
"41060","St. Cloud, MN",M1
"27700","Jesup, GA",M2
"41820","Sanford, NC",M2
"31580","Madisonville, KY",M2
"40940","Safford, AZ",M2
"22660","Fort Collins, CO",M1
"14220","Bogalusa, LA",M2
"36460","Olean, NY",M2
"41780","Sandusky, OH",M2
"10620","Albemarle, NC",M2
"15680","California-Lexington Park, MD",M1
"13740","Billings, MT",M1
"13780","Binghamton, NY",M1
"38180","Pierre, SD",M2
"44700","Stockton, CA",M1
"42340","Savannah, GA",M1
"37780","Pecos, TX",M2
"18580","Corpus Christi, TX",M1
"29380","Lake City, FL",M2
"21180","Elkins, WV",M2
"47220","Vineland-Bridgeton, NJ",M1
"25180","Hagerstown-Martinsburg, MD-WV",M1
"23500","Gaffney, SC",M2
"31020","Longview, WA",M1
"21060","Elizabethtown-Fort Knox, KY",M1
"28340","Kendallville, IN",M2
"32280","Martin, TN",M2
"43260","Sheridan, WY",M2
"47460","Walla Walla, WA",M1
"29020","Kokomo, IN",M1
"42980","Seymour, IN",M2
"19620","Del Rio, TX",M2
"13300","Beeville, TX",M2
"23180","Frankfort, KY",M2
"35580","New Ulm, MN",M2
"26340","Houghton, MI",M2
"46420","Union, SC",M2
"35020","Natchez, MS-LA",M2
"38420","Platteville, WI",M2
"15060","Brookings, OR",M2
"27600","Jefferson, GA",M2
"14740","Bremerton-Silverdale-Port Orchard, WA",M1
"43220","Shelton, WA",M2
"33540","Missoula, MT",M1
"20980","El Dorado, AR",M2
"21540","Escanaba, MI",M2
"29540","Lancaster, PA",M1
"43620","Sioux Falls, SD",M1
"12260","Augusta-Richmond County, GA-SC",M1
"20500","Durham-Chapel Hill, NC",M1
"16860","Chattanooga, TN-GA",M1
"22840","Fort Payne, AL",M2
"47900","Washington-Arlington-Alexandria, DC-VA-MD-WV",M1
"12060","Atlanta-Sandy Springs-Alpharetta, GA",M1
"13140","Beaumont-Port Arthur, TX",M1
"14540","Bowling Green, KY",M1
"10980","Alpena, MI",M2
"19660","Deltona-Daytona Beach-Ormond Beach, FL",M1
"21980","Fallon, NV",M2
"15540","Burlington-South Burlington, VT",M1
"17140","Cincinnati, OH-KY-IN",M1
"25420","Harrisburg-Carlisle, PA",M1
"38900","Portland-Vancouver-Hillsboro, OR-WA",M1
"28940","Knoxville, TN",M1
"40340","Rochester, MN",M1
"29820","Las Vegas-Henderson-Paradise, NV",M1
"10580","Albany-Schenectady-Troy, NY",M1
"39580","Raleigh-Cary, NC",M1
"14260","Boise City, ID",M1
"11660","Arkadelphia, AR",M2
"45060","Syracuse, NY",M1
"32580","McAllen-Edinburg-Mission, TX",M1
"45500","Texarkana, TX-AR",M1
"31740","Manhattan, KS",M1
"21780","Evansville, IN-KY",M1
"46220","Tuscaloosa, AL",M1
"36540","Omaha-Council Bluffs, NE-IA",M1
"19100","Dallas-Fort Worth-Arlington, TX",M1
"19820","Detroit-Warren-Dearborn, MI",M1
"17900","Columbia, SC",M1
"16820","Charlottesville, VA",M1
"46300","Twin Falls, ID",M1
"42200","Santa Maria-Santa Barbara, CA",M1
"12700","Barnstable Town, MA",M1
"16420","Central City, KY",M2
"23540","Gainesville, FL",M1
"37580","Paris, TX",M2
"17980","Columbus, GA-AL",M1
"42220","Santa Rosa-Petaluma, CA",M1
"25980","Hinesville, GA",M1
"10780","Alexandria, LA",M1
"15820","Campbellsville, KY",M2
"24900","Greenwood, MS",M2
"46140","Tulsa, OK",M1
"49340","Worcester, MA-CT",M1
"31420","Macon-Bibb County, GA",M1
"39100","Poughkeepsie-Newburgh-Middletown, NY",M1
"40460","Rockingham, NC",M2
"45820","Topeka, KS",M1
"36380","Okeechobee, FL",M2
"34100","Morristown, TN",M1
"25200","Hailey, ID",M2
"33940","Montrose, CO",M2
"27260","Jacksonville, FL",M1
"24340","Grand Rapids-Kentwood, MI",M1
"34300","Mountain Home, ID",M2
"43460","Sikeston, MO",M2
"35980","Norwich-New London, CT",M1
"41420","Salem, OR",M1
"18140","Columbus, OH",M1
"45460","Terre Haute, IN",M1
"38100","Picayune, MS",M2
"11620","Ardmore, OK",M2
"21020","Elizabeth City, NC",M2
"17380","Cleveland, MS",M2
"28700","Kingsport-Bristol, TN-VA",M1
"34900","Napa, CA",M1
"10700","Albertville, AL",M2
"12940","Baton Rouge, LA",M1
"22500","Florence, SC",M1
"43500","Silver City, NM",M2
"24020","Glens Falls, NY",M1
"48060","Watertown-Fort Drum, NY",M1
"44020","Spirit Lake, IA",M2
"38740","Poplar Bluff, MO",M2
"45540","The Villages, FL",M1
"17300","Clarksville, TN-KY",M1
"24580","Green Bay, WI",M1
"43760","Sonora, CA",M2
"34420","Mount Pleasant, TX",M2
"38240","Pinehurst-Southern Pines, NC",M2
"11140","Americus, GA",M2
"15580","Butte-Silver Bow, MT",M2
"15780","Camden, AR",M2
"27140","Jackson, MS",M1
"16020","Cape Girardeau, MO-IL",M1
"35300","New Haven-Milford, CT",M1
"24500","Great Falls, MT",M1
"16060","Carbondale-Marion, IL",M1
"36980","Owensboro, KY",M1
"47020","Victoria, TX",M1
"42460","Scottsboro, AL",M2
"11940","Athens, TN",M2
"42540","Scranton--Wilkes-Barre, PA",M1
"43060","Shawnee, OK",M2
"19300","Daphne-Fairhope-Foley, AL",M1
"28820","Kinston, NC",M2
"36660","Opelousas, LA",M2
"31140","Louisville/Jefferson County, KY-IN",M1
"22380","Flagstaff, AZ",M1
"40380","Rochester, NY",M1
"34860","Nacogdoches, TX",M2
"30700","Lincoln, NE",M1
"17540","Clinton, IA",M2
"31080","Los Angeles-Long Beach-Anaheim, CA",M1
"38060","Phoenix-Mesa-Chandler, AZ",M1
"29780","Las Vegas, NM",M2
"40260","Roanoke Rapids, NC",M2
"18700","Corvallis, OR",M1
"30980","Longview, TX",M1
"28140","Kansas City, MO-KS",M1
"36260","Ogden-Clearfield, UT",M1
"38220","Pine Bluff, AR",M1
"27660","Jennings, LA",M2
"11580","Arcadia, FL",M2
"33980","Morehead City, NC",M2
"15860","Ca?on City, CO",M2
"46540","Utica-Rome, NY",M1
"35900","North Wilkesboro, NC",M2
"26500","Huntingdon, PA",M2
"30820","Lock Haven, PA",M2
"20140","Dublin, GA",M2
"28780","Kingsville, TX",M2
"46380","Ukiah, CA",M2
"12420","Austin-Round Rock-Georgetown, TX",M1
"32180","Marshall, MO",M2
"46700","Vallejo, CA",M1
"12020","Athens-Clarke County, GA",M1
"28060","Kalispell, MT",M2
"29260","La Grande, OR",M2
"34350","Mount Gay-Shamrock, WV",M2
"13220","Beckley, WV",M1
"22220","Fayetteville-Springdale-Rogers, AR",M1
"25860","Hickory-Lenoir-Morganton, NC",M1
"31260","Lufkin, TX",M2
"14780","Brenham, TX",M2
"14500","Boulder, CO",M1
"46780","Van Wert, OH",M2
"14580","Bozeman, MT",M2
"13820","Birmingham-Hoover, AL",M1
"13620","Berlin, NH",M2
"35140","Newberry, SC",M2
"40140","Riverside-San Bernardino-Ontario, CA",M1
"44980","Sunbury, PA",M2
"41220","St. Marys, GA",M2
"48780","Williston, ND",M2
"49620","York-Hanover, PA",M1
"24780","Greenville, NC",M1
"45520","The Dalles, OR",M2
"21580","Espa?ola, NM",M2
"30280","Lewisburg, TN",M2
"30140","Lebanon, PA",M1
"39420","Pullman, WA",M2
"20540","Dyersburg, TN",M2
"40080","Richmond-Berea, KY",M2
"24330","Grand Rapids, MN",M2
"23140","Frankfort, IN",M2
"19260","Danville, VA",M2
"36837","Ottawa, IL",M2
"47380","Waco, TX",M1
"36100","Ocala, FL",M1
"34580","Mount Vernon-Anacortes, WA",M1
"15660","Calhoun, GA",M2
"32700","McPherson, KS",M2
"45780","Toledo, OH",M1
"26700","Huron, SD",M2
"32380","Mason City, IA",M2
"44180","Springfield, MO",M1
"48580","Whitewater, WI",M2
"47580","Warner Robins, GA",M1
"40700","Roseburg, OR",M2
"33380","Minden, LA",M2
"22580","Forest City, NC",M2
"44340","Statesboro, GA",M2
"31540","Madison, WI",M1
"10900","Allentown-Bethlehem-Easton, PA-NJ",M1
"25720","Heber, UT",M2
"13380","Bellingham, WA",M1
"18860","Crescent City, CA",M2
"46660","Valdosta, GA",M1
"43340","Shreveport-Bossier City, LA",M1
"20020","Dothan, AL",M1
"48900","Wilmington, NC",M1
"27380","Jacksonville, TX",M2
"14860","Bridgeport-Stamford-Norwalk, CT",M1
"29420","Lake Havasu City-Kingman, AZ",M1
"13720","Big Stone Gap, VA",M2
"35060","Natchitoches, LA",M2
"10140","Aberdeen, WA",M2
"26260","Hope, AR",M2
"46860","Vernal, UT",M2
"39340","Provo-Orem, UT",M1
"16540","Chambersburg-Waynesboro, PA",M1
"27460","Jamestown-Dunkirk-Fredonia, NY",M2
"46340","Tyler, TX",M1
"37340","Palm Bay-Melbourne-Titusville, FL",M1
"29700","Laredo, TX",M1
"14820","Brevard, NC",M2
"34340","Mount Airy, NC",M2
"40220","Roanoke, VA",M1
"22900","Fort Smith, AR-OK",M1
"18880","Crestview-Fort Walton Beach-Destin, FL",M1
"30460","Lexington-Fayette, KY",M1
"22800","Fort Madison-Keokuk, IA-IL-MO",M2
"21740","Evanston, WY",M2
"47260","Virginia Beach-Norfolk-Newport News, VA-NC",M1
"44140","Springfield, MA",M1
"49180","Winston-Salem, NC",M1
"26580","Huntington-Ashland, WV-KY-OH",M1
"29200","Lafayette-West Lafayette, IN",M1
"16740","Charlotte-Concord-Gastonia, NC-SC",M1
"29100","La Crosse-Onalaska, WI-MN",M1
"16500","Centralia, WA",M2
"12580","Baltimore-Columbia-Towson, MD",M1
"28900","Klamath Falls, OR",M2
"31300","Lumberton, NC",M2
"36740","Orlando-Kissimmee-Sanford, FL",M1
"47080","Vidalia, GA",M2
"11700","Asheville, NC",M1
"49100","Winona, MN",M2
"12780","Bartlesville, OK",M2
"13420","Bemidji, MN",M2
"14100","Bloomsburg-Berwick, PA",M1
"45580","Thomaston, GA",M2
"37060","Oxford, MS",M2
"44780","Sturgis, MI",M2
"13900","Bismarck, ND",M1
"17860","Columbia, MO",M1
"43320","Show Low, AZ",M2
"13340","Bellefontaine, OH",M2
"38500","Plymouth, IN",M2
"16340","Cedartown, GA",M2
"17660","Coeur d'Alene, ID",M1
"47660","Warrensburg, MO",M2
"32940","Meridian, MS",M2
"25840","Hermiston-Pendleton, OR",M2
"38860","Portland-South Portland, ME",M1
"31180","Lubbock, TX",M1
"21840","Fairfield, IA",M2
"19780","Des Moines-West Des Moines, IA",M1
"49380","Worthington, MN",M2
"20220","Dubuque, IA",M1
"39500","Quincy, IL-MO",M2
"41500","Salinas, CA",M1
"42380","Sayre, PA",M2
"27180","Jackson, TN",M1
"30940","London, KY",M2
"49660","Youngstown-Warren-Boardman, OH-PA",M1
"48540","Wheeling, WV-OH",M1
"44500","Stephenville, TX",M2
"19860","Dickinson, ND",M2
"33580","Mitchell, SD",M2
"23300","Freeport, IL",M2
"38620","Ponca City, OK",M2
"18100","Columbus, NE",M2
"48620","Wichita, KS",M1
"27500","Janesville-Beloit, WI",M1
"36820","Oskaloosa, IA",M2
"10220","Ada, OK",M2
"29980","Lawrenceburg, TN",M2
"35840","North Port-Sarasota-Bradenton, FL",M1
"44220","Springfield, OH",M1
"24380","Grants, NM",M2
"40860","Rutland, VT",M2
"16700","Charleston-North Charleston, SC",M1
"23620","Gainesville, TX",M2
"15620","Cadillac, MI",M2
"22280","Fernley, NV",M2
"47420","Wahpeton, ND-MN",M2
"48220","Weatherford, OK",M2
"39700","Raymondville, TX",M2
"38940","Port St. Lucie, FL",M1
"38700","Pontiac, IL",M2
"30420","Lexington, NE",M2
"13100","Beatrice, NE",M2
"33260","Midland, TX",M1
"11380","Andrews, TX",M2
"43100","Sheboygan, WI",M1
"10760","Alexander City, AL",M2
"23820","Gardnerville Ranchos, NV",M2
"22540","Fond du Lac, WI",M1
"39060","Pottsville, PA",M2
"18380","Cordele, GA",M2
"48980","Wilson, NC",M2
"43780","South Bend-Mishawaka, IN-MI",M1
"12620","Bangor, ME",M1
"26980","Iowa City, IA",M1
"44260","Starkville, MS",M2
"25880","Hillsdale, MI",M2
"19220","Danville, KY",M2
"22260","Fergus Falls, MN",M2
"19140","Dalton, GA",M1
"34940","Naples-Marco Island, FL",M1
"22340","Fitzgerald, GA",M2
"11500","Anniston-Oxford, AL",M1
"45860","Torrington, CT",M2
"40980","Saginaw, MI",M1
"18180","Concord, NH",M2
"41100","St. George, UT",M1
"40300","Rochelle, IL",M2
"14620","Bradford, PA",M2
"45140","Tahlequah, OK",M2
"42740","Sedalia, MO",M2
"27530","Jasper, AL",M2
"36340","Oil City, PA",M2
"43380","Sidney, OH",M2
"13260","Bedford, IN",M2
"31820","Manitowoc, WI",M2
"18740","Coshocton, OH",M2
"23340","Fremont, NE",M2
"32340","Maryville, MO",M2
"13020","Bay City, MI",M1
"43660","Snyder, TX",M2
"29660","Laramie, WY",M2
"35860","North Vernon, IN",M2
"22060","Faribault-Northfield, MN",M2
"32540","McAlester, OK",M2
"42860","Seneca, SC",M2
"48020","Watertown-Fort Atkinson, WI",M2
"24180","Granbury, TX",M2
"38260","Pittsburg, KS",M2
"47700","Warsaw, IN",M2
"17260","Clarksdale, MS",M2
"40580","Rocky Mount, NC",M1
"21900","Fairmont, WV",M2
"17740","Coldwater, MI",M2
"38580","Point Pleasant, WV-OH",M2
"12740","Barre, VT",M2
"10820","Alexandria, MN",M2
"23660","Galesburg, IL",M2
"23780","Garden City, KS",M2
"48460","West Plains, MO",M2
"33220","Midland, MI",M1
"36900","Ottumwa, IA",M2
"34140","Moscow, ID",M2
"45620","Thomasville, GA",M2
"34700","Muscatine, IA",M2
"21500","Erie, PA",M1
"26460","Hudson, NY",M2
"21860","Fairmont, MN",M2
"48100","Wauchula, FL",M2
"44900","Summerville, GA",M2
"37940","Peru, IN",M2
"45660","Tiffin, OH",M2
"21460","Enterprise, AL",M2
"23060","Fort Wayne, IN",M1
"19740","Denver-Aurora-Lakewood, CO",M1
"25580","Hastings, NE",M2
"18820","Crawfordsville, IN",M2
"15740","Cambridge, OH",M2
"48500","West Point, MS",M2
"25100","Guymon, OK",M2
"20340","Duncan, OK",M2
"49820","Zapata, TX",M2
"29060","Laconia, NH",M2
"25820","Hereford, TX",M2
"12140","Auburn, IN",M2
"12300","Augusta-Waterville, ME",M2
"32020","Marion, OH",M2
"40420","Rockford, IL",M1
"11220","Amsterdam, NY",M2
"10180","Abilene, TX",M1
"22420","Flint, MI",M1
"49780","Zanesville, OH",M2
"36020","Oak Harbor, WA",M2
"37860","Pensacola-Ferry Pass-Brent, FL",M1
"25460","Harrison, AR",M2
"41760","Sandpoint, ID",M2
"28580","Key West, FL",M2
"13940","Blackfoot, ID",M2
"39460","Punta Gorda, FL",M1
"16380","Celina, OH",M2
"21420","Enid, OK",M1
"10300","Adrian, MI",M2
"19980","Dodge City, KS",M2
"45740","Toccoa, GA",M2
"11020","Altoona, PA",M1
"12380","Austin, MN",M2
"48140","Wausau-Weston, WI",M1
"32620","McComb, MS",M2
"34220","Moultrie, GA",M2
"26220","Hood River, OR",M2
"46180","Tupelo, MS",M2
"47980","Watertown, SD",M2
"11180","Ames, IA",M1
"12540","Bakersfield, CA",M1
"46460","Union City, TN",M2
"34660","Murray, KY",M2
"33020","Mexico, MO",M2
"37500","Paragould, AR",M2
"39900","Reno, NV",M1
"31700","Manchester-Nashua, NH",M1
"19580","Defiance, OH",M2
"16460","Centralia, IL",M2
"11540","Appleton, WI",M1
"37420","Pampa, TX",M2
"10940","Alma, MI",M2
"31980","Marion, IN",M2
"12980","Battle Creek, MI",M1
"21120","Elk City, OK",M2
"41660","San Angelo, TX",M1
"30660","Lincoln, IL",M2
"36780","Oshkosh-Neenah, WI",M1
"34500","Mount Vernon, IL",M2
"40740","Roswell, NM",M2
"35700","Nogales, AZ",M2
"14420","Borger, TX",M2
"27420","Jamestown, ND",M2
"23240","Fredericksburg, TX",M2
"30380","Lewistown, PA",M2
"15100","Brookings, SD",M2
"15460","Burlington, IA-IL",M2
"11900","Athens, OH",M2
"14700","Branson, MO",M2
"33420","Mineral Wells, TX",M2
"16940","Cheyenne, WY",M1
"40760","Ruidoso, NM",M2
"13660","Big Rapids, MI",M2
"34620","Muncie, IN",M1
"15220","Brownwood, TX",M2
"43020","Shawano, WI",M2
"13180","Beaver Dam, WI",M2
"37120","Ozark, AL",M2
"19180","Danville, IL",M1
"48940","Wilmington, OH",M2
"44540","Sterling, CO",M2
"17700","Coffeyville, KS",M2
"17060","Chillicothe, OH",M2
"31930","Marietta, OH",M2
"47620","Warren, PA",M2
"47540","Wapakoneta, OH",M2
"13540","Bennington, VT",M2
"23900","Gettysburg, PA",M1
"49220","Wisconsin Rapids-Marshfield, WI",M2
"26090","Holland, MI",M2
"17820","Colorado Springs, CO",M1
"46900","Vernon, TX",M2
"35940","Norwalk, OH",M2
"36940","Owatonna, MN",M2
"34740","Muskegon, MI",M1
"20300","Dumas, TX",M2
"19540","Decatur, IN",M2
"32740","Meadville, PA",M2
"25780","Henderson, NC",M2
"26740","Hutchinson, KS",M2
"30220","Levelland, TX",M2
"44660","Stillwater, OK",M2
"25220","Hammond, LA",M1
"28020","Kalamazoo-Portage, MI",M1
"21300","Elmira, NY",M1
"24980","Grenada, MS",M2
"26020","Hobbs, NM",M2
"48700","Williamsport, PA",M1
"24140","Goldsboro, NC",M1
"10660","Albert Lea, MN",M2
"16660","Charleston-Mattoon, IL",M2
"24220","Grand Forks, ND-MN",M1
"26900","Indianapolis-Carmel-Anderson, IN",M1
"27900","Joplin, MO",M1
"39260","Prineville, OR",M2
"43580","Sioux City, IA-NE-SD",M1
"35620","New York-Newark-Jersey City, NY-NJ-PA",M1
"10420","Akron, OH",M1
"16980","Chicago-Naperville-Elgin, IL-IN-WI",M1
"47920","Washington Court House, OH",M2
"14460","Boston-Cambridge-Newton, MA-NH",M1
"14300","Bonham, TX",M2
"28500","Kerrville, TX",M2
"24100","Gloversville, NY",M2
"26940","Indianola, MS",M2
"45380","Taylorville, IL",M2
"36830","Othello, WA",M2
"39980","Richmond, IN",M2
"23980","Glasgow, KY",M2
"32300","Martinsville, VA",M2
"42420","Scottsbluff, NE",M2
"33100","Miami-Fort Lauderdale-Pompano Beach, FL",M1
"24740","Greenville, MS",M2
"39020","Portsmouth, OH",M2
"36300","Ogdensburg-Massena, NY",M2
"24660","Greensboro-High Point, NC",M1
"32860","Menomonie, WI",M2
"21380","Emporia, KS",M2
"17500","Clewiston, FL",M2
"40820","Ruston, LA",M2
"49060","Winfield, KS",M2
"18020","Columbus, IN",M1
"32660","McMinnville, TN",M2
"28260","Kearney, NE",M2
"30900","Logansport, IN",M2
"27060","Ithaca, NY",M1
"41860","San Francisco-Oakland-Berkeley, CA",M1
"36840","Ottawa, KS",M2
"15140","Brownsville, TN",M2
"18460","Cornelia, GA",M2
"15340","Bucyrus-Galion, OH",M2
"13500","Bennettsville, SC",M2
"28660","Killeen-Temple, TX",M1
"39940","Rexburg, ID",M2
"34980","Nashville-Davidson--Murfreesboro--Franklin, TN",M1
"48820","Willmar, MN",M2
"49080","Winnemucca, NV",M2
"47340","Wabash, IN",M2
"30340","Lewiston-Auburn, ME",M1
"26780","Hutchinson, MN",M2
"30020","Lawton, OK",M1
"27740","Johnson City, TN",M1
"41260","St. Marys, PA",M2
"39860","Red Wing, MN",M2
"44620","Stevens Point, WI",M2
"22820","Fort Morgan, CO",M2
"39300","Providence-Warwick, RI-MA",M1
"19940","Dixon, IL",M2
"12220","Auburn-Opelika, AL",M1
"33060","Miami, OK",M2
"29620","Lansing-East Lansing, MI",M1
"18420","Corinth, MS",M2
"19500","Decatur, IL",M1
"29300","LaGrange, GA-AL",M2
"39380","Pueblo, CO",M1
"40620","Rolla, MO",M2
"14020","Bloomington, IN",M1
"37220","Pahrump, NV",M2
"31680","Malvern, AR",M2
"21140","Elkhart-Goshen, IN",M1
"39740","Reading, PA",M1
"32140","Marshall, MN",M2
"22020","Fargo, ND-MN",M1
"41940","San Jose-Sunnyvale-Santa Clara, CA",M1
"24420","Grants Pass, OR",M1
"26380","Houma-Thibodaux, LA",M1
"40100","Rio Grande City-Roma, TX",M2
"36220","Odessa, TX",M1
"24060","Glenwood Springs, CO",M2
"18060","Columbus, MS",M2
"27620","Jefferson City, MO",M1
"23580","Gainesville, GA",M1
"49260","Woodward, OK",M2
"22140","Farmington, NM",M1
"34180","Moses Lake, WA",M2
"45220","Tallahassee, FL",M1
"25540","Hartford-East Hartford-Middletown, CT",M1
"30860","Logan, UT-ID",M1
"37100","Oxnard-Thousand Oaks-Ventura, CA",M1
"18260","Cookeville, TN",M2
"36620","Ontario, OR-ID",M2
"46100","Tullahoma-Manchester, TN",M2
"25940","Hilton Head Island-Bluffton, SC",M1
"26660","Huntsville, TX",M2
"32780","Medford, OR",M1
"20820","Effingham, IL",M2
"33140","Michigan City-La Porte, IN",M1
"48260","Weirton-Steubenville, WV-OH",M1
"35660","Niles, MI",M1
"27780","Johnstown, PA",M1
"40780","Russellville, AR",M2
"29940","Lawrence, KS",M1
"27160","Jackson, OH",M2
"31060","Los Alamos, NM",M2
"16100","Carlsbad-Artesia, NM",M2
"35820","North Platte, NE",M2
"20740","Eau Claire, WI",M1
"38460","Plattsburgh, NY",M2
"40540","Rock Springs, WY",M2
"23940","Gillette, WY",M2
"31500","Madison, IN",M2
"11740","Ashland, OH",M2
"18660","Cortland, NY",M2
"35420","New Philadelphia-Dover, OH",M2
"25260","Hanford-Corcoran, CA",M1
"26300","Hot Springs, AR",M1
"47940","Waterloo-Cedar Falls, IA",M1
"15700","Cambridge, MD",M2
"11780","Ashtabula, OH",M2
"11460","Ann Arbor, MI",M1
"37770","Pearsall, TX",M2
"17580","Clovis, NM",M2
"24700","Greensburg, IN",M2
"42500","Scottsburg, IN",M2
"44580","Sterling, IL",M2
"42780","Selinsgrove, PA",M2
"43940","Spearfish, SD",M2
"31380","Macomb, IL",M2
"35440","Newport, OR",M2
"42140","Santa Fe, NM",M1
"30580","Liberal, KS",M2
"16260","Cedar City, UT",M2
"15940","Canton-Massillon, OH",M1
"18500","Corning, NY",M2
"45300","Tampa-St. Petersburg-Clearwater, FL",M1
"12180","Auburn, NY",M2
"35260","New Castle, PA",M2
"37660","Parsons, KS",M2
"34260","Mountain Home, AR",M2
"38780","Portales, NM",M2
"32500","Maysville, KY",M2
"27300","Jacksonville, IL",M2
"10860","Alice, TX",M2
"27100","Jackson, MI",M1
"45000","Susanville, CA",M2
"30300","Lewiston, ID-WA",M1
"31900","Mansfield, OH",M1
"25620","Hattiesburg, MS",M1
"18780","Craig, CO",M2
"16300","Cedar Rapids, IA",M1
"28300","Keene, NH",M2
"40660","Rome, GA",M1
"26540","Huntington, IN",M2
"14010","Bloomington, IL",M1
"45020","Sweetwater, TX",M2
"30780","Little Rock-North Little Rock-Conway, AR",M1
"41700","San Antonio-New Braunfels, TX",M1
"12460","Bainbridge, GA",M2
"22100","Farmington, MO",M2
"34540","Mount Vernon, OH",M2
"29740","Las Cruces, NM",M1
"31620","Magnolia, AR",M2
"24460","Great Bend, KS",M2
"22620","Forrest City, AR",M2
"32260","Marshalltown, IA",M2
"22780","Fort Leonard Wood, MO",M2
"19700","Deming, NM",M2
"41460","Salina, KS",M2
"11860","Atchison, KS",M2
"30060","Lebanon, MO",M2
"18300","Coos Bay, OR",M2
"46060","Tucson, AZ",M1
"44740","Storm Lake, IA",M2
"24260","Grand Island, NE",M1
"37460","Panama City, FL",M1
"25300","Hannibal, MO",M2
"14380","Boone, NC",M2
"15020","Brookhaven, MS",M2
"43420","Sierra Vista-Douglas, AZ",M1
"37800","Pella, IA",M2
"24820","Greenville, OH",M2
"28100","Kankakee, IL",M1
"46500","Urbana, OH",M2
"49300","Wooster, OH",M2
"45700","Tifton, GA",M2
"35380","New Orleans-Metairie, LA",M1
"33500","Minot, ND",M2
"42680","Sebastian-Vero Beach, FL",M1
"18220","Connersville, IN",M2
"19430","Dayton-Kettering, OH",M1
"27860","Jonesboro, AR",M1
"46820","Vermillion, SD",M2
"43300","Sherman-Denison, TX",M1
"25700","Hays, KS",M2
"16580","Champaign-Urbana, IL",M1
"30260","Lewisburg, PA",M2
"16140","Carroll, IA",M2
"42300","Sault Ste. Marie, MI",M2
"43140","Shelby, NC",M2
"33620","Moberly, MO",M2
"31220","Ludington, MI",M2
"49460","Yankton, SD",M2
"43700","Somerset, KY",M2
"23700","Gallup, NM",M2
"23380","Fremont, OH",M2
"46620","Uvalde, TX",M2
"43980","Spencer, IA",M2
"41400","Salem, OH",M2
"38340","Pittsfield, MA",M1
"16180","Carson City, NV",M1
"35740","Norfolk, NE",M2
"24540","Greeley, CO",M1
"39540","Racine, WI",M1
"42900","Seneca Falls, NY",M2
"12860","Batavia, NY",M2
"31660","Malone, NY",M2
"15420","Burley, ID",M2
"10100","Aberdeen, SD",M2
"32460","Mayfield, KY",M2
"12120","Atmore, AL",M2
"35220","New Castle, IN",M2
"22700","Fort Dodge, IA",M2
